critic,title,rating
D1,3T 에르고노바 LTD 스텔스 핸들바,1.1
D1,데다엘리먼티 M35 RHM 카본 핸들바,1.3
D1,치넬리 바이 핸들바,1.1
D1,ZIPP SL 카본 오버사이즈 핸들바,4.4
D1,데다 엘리먼트 Dabar 불혼 핸들바,4.7
D1,3T 에르고섬 LTD 핸들바,4.4
D1,3T 에르고노바 팀 드롭바,2.6
D1,3T 에르고노바 LTD 핸들바,3.2
D1,프로파일디자인 Largo Drop Bar (31.8).png,1.4
D2,3T 에르고노바 LTD 스텔스 핸들바,1.1
D2,데다엘리먼티 M35 RHM 카본 핸들바,1.3
D2,치넬리 바이 핸들바,1.1
D2,ZIPP SL 카본 오버사이즈 핸들바,4.4
D2,데다 엘리먼트 Dabar 불혼 핸들바,4.7
D2,3T 에르고섬 LTD 핸들바,4.4
D2,3T 에르고노바 팀 드롭바,2.6
D2,3T 에르고노바 LTD 핸들바,3.2
D2,프로파일디자인 Largo Drop Bar (31.8).png,1.4
D3,3T 에르고노바 LTD 스텔스 핸들바,1.1
D3,데다엘리먼티 M35 RHM 카본 핸들바,1.3
D3,치넬리 바이 핸들바,1.1
D3,ZIPP SL 카본 오버사이즈 핸들바,4.4
D3,3T 에르고섬 LTD 핸들바,4.4
D3,3T 에르고노바 팀 드롭바,2.6
D3,3T 에르고노바 LTD 핸들바,3.2
D3,프로파일디자인 Largo Drop Bar (31.8).png,1.4
D3,데다 엘리먼트 Dabar 불혼 핸들바,4.7
D4,3T 에르고노바 LTD 스텔스 핸들바,1.1
D4,데다엘리먼티 M35 RHM 카본 핸들바,1.3
D4,치넬리 바이 핸들바,1.1
D4,ZIPP SL 카본 오버사이즈 핸들바,4.4
D4,데다 엘리먼트 Dabar 불혼 핸들바,4.7
D6,3T 에르고노바 LTD 스텔스 핸들바,1.1
D6,데다엘리먼티 M35 RHM 카본 핸들바,1.3
D6,치넬리 바이 핸들바,1.1
D6,ZIPP SL 카본 오버사이즈 핸들바,4.4
D6,데다 엘리먼트 Dabar 불혼 핸들바,4.7
D7,3T 에르고노바 LTD 스텔스 핸들바,1.1
D7,데다엘리먼티 M35 RHM 카본 핸들바,1.3
D7,치넬리 바이 핸들바,1.1
D7,ZIPP SL 카본 오버사이즈 핸들바,4.4
D7,데다 엘리먼트 Dabar 불혼 핸들바,4.7
D8,3T 에르고노바 LTD 스텔스 핸들바,1.1
D8,데다엘리먼티 M35 RHM 카본 핸들바,1.3
D8,치넬리 바이 핸들바,1.1
D8,ZIPP SL 카본 오버사이즈 핸들바,4.4
D8,데다 엘리먼트 Dabar 불혼 핸들바,4.7
D9,3T 에르고노바 LTD 스텔스 핸들바,1.1
D9,데다엘리먼티 M35 RHM 카본 핸들바,1.3
D9,치넬리 바이 핸들바,1.1
D9,ZIPP SL 카본 오버사이즈 핸들바,4.4
D9,데다 엘리먼트 Dabar 불혼 핸들바,4.7
D10,3T 에르고노바 LTD 스텔스 핸들바,1.1
D10,데다엘리먼티 M35 RHM 카본 핸들바,1.3
D10,치넬리 바이 핸들바,1.1
D10,ZIPP SL 카본 오버사이즈 핸들바,4.4
D10,데다 엘리먼트 Dabar 불혼 핸들바,4.7
D11,3T 에르고노바 LTD 스텔스 핸들바,1.1
D11,데다엘리먼티 M35 RHM 카본 핸들바,1.3
D11,치넬리 바이 핸들바,1.1
D11,ZIPP SL 카본 오버사이즈 핸들바,4.4
D11,데다 엘리먼트 Dabar 불혼 핸들바,4.7
D12,3T 에르고노바 LTD 스텔스 핸들바,1.1
D12,데다엘리먼티 M35 RHM 카본 핸들바,1.3
D12,치넬리 바이 핸들바,1.1
D12,ZIPP SL 카본 오버사이즈 핸들바,4.4
D12,데다 엘리먼트 Dabar 불혼 핸들바,4.7
D13,3T 에르고노바 LTD 스텔스 핸들바,1.1
D13,데다엘리먼티 M35 RHM 카본 핸들바,1.3
D13,치넬리 바이 핸들바,1.1
D13,ZIPP SL 카본 오버사이즈 핸들바,4.4
D13,데다 엘리먼트 Dabar 불혼 핸들바,4.7
D14,3T 에르고노바 LTD 스텔스 핸들바,1.1
D14,데다엘리먼티 M35 RHM 카본 핸들바,1.3
D14,치넬리 바이 핸들바,1.1
D14,ZIPP SL 카본 오버사이즈 핸들바,4.4
D14,데다 엘리먼트 Dabar 불혼 핸들바,4.7
D15,3T 에르고노바 LTD 스텔스 핸들바,1.1
D15,데다엘리먼티 M35 RHM 카본 핸들바,1.3
D15,치넬리 바이 핸들바,1.1
D15,ZIPP SL 카본 오버사이즈 핸들바,4.4
D15,데다 엘리먼트 Dabar 불혼 핸들바,4.7
D16,3T 에르고노바 LTD 스텔스 핸들바,1.1
D16,데다엘리먼티 M35 RHM 카본 핸들바,1.3
D16,치넬리 바이 핸들바,1.1
D16,ZIPP SL 카본 오버사이즈 핸들바,4.4
D16,데다 엘리먼트 Dabar 불혼 핸들바,4.7
D17,3T 에르고노바 LTD 스텔스 핸들바,1.1
D17,데다엘리먼티 M35 RHM 카본 핸들바,1.3
D17,치넬리 바이 핸들바,1.1
D17,ZIPP SL 카본 오버사이즈 핸들바,4.4
D17,데다 엘리먼트 Dabar 불혼 핸들바,4.7
D18,3T 에르고노바 LTD 스텔스 핸들바,1.1
D18,데다엘리먼티 M35 RHM 카본 핸들바,1.3
D18,치넬리 바이 핸들바,1.1
D18,ZIPP SL 카본 오버사이즈 핸들바,4.4
D18,데다 엘리먼트 Dabar 불혼 핸들바,4.7
D19,3T 에르고노바 LTD 스텔스 핸들바,1.1
D19,데다엘리먼티 M35 RHM 카본 핸들바,1.3
D19,치넬리 바이 핸들바,1.1
D19,ZIPP SL 카본 오버사이즈 핸들바,4.4
D19,데다 엘리먼트 Dabar 불혼 핸들바,4.7
D20,3T 에르고노바 LTD 스텔스 핸들바,1.1
D20,데다엘리먼티 M35 RHM 카본 핸들바,1.3
D20,치넬리 바이 핸들바,1.1
D20,ZIPP SL 카본 오버사이즈 핸들바,4.4
D20,데다 엘리먼트 Dabar 불혼 핸들바,4.7
D21,3T 에르고노바 LTD 스텔스 핸들바,1.1
D21,데다엘리먼티 M35 RHM 카본 핸들바,1.3
D21,치넬리 바이 핸들바,1.1
D21,ZIPP SL 카본 오버사이즈 핸들바,4.4
D21,데다 엘리먼트 Dabar 불혼 핸들바,4.7
D22,3T 에르고노바 LTD 스텔스 핸들바,1.1
D22,데다엘리먼티 M35 RHM 카본 핸들바,1.3
D22,치넬리 바이 핸들바,1.1
D22,ZIPP SL 카본 오버사이즈 핸들바,4.4
D22,데다 엘리먼트 Dabar 불혼 핸들바,4.7
D23,3T 에르고노바 LTD 스텔스 핸들바,1.1
D23,데다엘리먼티 M35 RHM 카본 핸들바,1.3
D23,치넬리 바이 핸들바,1.1
D23,ZIPP SL 카본 오버사이즈 핸들바,4.4
D23,데다 엘리먼트 Dabar 불혼 핸들바,4.7
D24,3T 에르고노바 LTD 스텔스 핸들바,1.1
D24,데다엘리먼티 M35 RHM 카본 핸들바,1.3
D24,치넬리 바이 핸들바,1.1
D24,ZIPP SL 카본 오버사이즈 핸들바,4.4
D24,데다 엘리먼트 Dabar 불혼 핸들바,4.7
D25,3T 에르고노바 LTD 스텔스 핸들바,1.1
D25,데다엘리먼티 M35 RHM 카본 핸들바,1.3
D25,치넬리 바이 핸들바,1.1
D25,ZIPP SL 카본 오버사이즈 핸들바,4.4
D25,데다 엘리먼트 Dabar 불혼 핸들바,4.7
D26,3T 에르고노바 LTD 스텔스 핸들바,1.1
D26,데다엘리먼티 M35 RHM 카본 핸들바,1.3
D26,치넬리 바이 핸들바,1.1
D26,ZIPP SL 카본 오버사이즈 핸들바,4.4
D26,데다 엘리먼트 Dabar 불혼 핸들바,4.7
D27,3T 에르고노바 LTD 스텔스 핸들바,1.1
D27,데다엘리먼티 M35 RHM 카본 핸들바,1.3
D27,치넬리 바이 핸들바,1.1
D27,ZIPP SL 카본 오버사이즈 핸들바,4.4
D27,데다 엘리먼트 Dabar 불혼 핸들바,4.7
D28,3T 에르고노바 LTD 스텔스 핸들바,1.1
D28,데다엘리먼티 M35 RHM 카본 핸들바,1.3
D28,치넬리 바이 핸들바,1.1
D28,ZIPP SL 카본 오버사이즈 핸들바,4.4
D28,데다 엘리먼트 Dabar 불혼 핸들바,4.7
D29,3T 에르고노바 LTD 스텔스 핸들바,1.1
D29,데다엘리먼티 M35 RHM 카본 핸들바,1.3
D29,치넬리 바이 핸들바,1.1
D29,ZIPP SL 카본 오버사이즈 핸들바,4.4
D29,데다 엘리먼트 Dabar 불혼 핸들바,4.7
D30,3T 에르고노바 LTD 스텔스 핸들바,4.4
D30,데다엘리먼티 M35 RHM 카본 핸들바,4.7
D30,치넬리 바이 핸들바,4.4
D30,ZIPP SL 카본 오버사이즈 핸들바,3.6
D30,데다 엘리먼트 Dabar 불혼 핸들바,3.4
D31,3T 에르고노바 LTD 스텔스 핸들바,4.4
D31,데다엘리먼티 M35 RHM 카본 핸들바,4.7
D31,치넬리 바이 핸들바,4.4
D31,ZIPP SL 카본 오버사이즈 핸들바,3.6
D31,데다 엘리먼트 Dabar 불혼 핸들바,3.4
D32,3T 에르고노바 LTD 스텔스 핸들바,4.4
D32,데다엘리먼티 M35 RHM 카본 핸들바,4.7
D32,치넬리 바이 핸들바,4.4
D32,ZIPP SL 카본 오버사이즈 핸들바,3.6
D32,데다 엘리먼트 Dabar 불혼 핸들바,3.4
D33,3T 에르고노바 LTD 스텔스 핸들바,4.4
D33,데다엘리먼티 M35 RHM 카본 핸들바,4.7
D33,치넬리 바이 핸들바,4.4
D33,ZIPP SL 카본 오버사이즈 핸들바,3.6
D33,데다 엘리먼트 Dabar 불혼 핸들바,3.4
D34,3T 에르고노바 LTD 스텔스 핸들바,4.4
D34,데다엘리먼티 M35 RHM 카본 핸들바,4.7
D34,치넬리 바이 핸들바,4.4
D34,ZIPP SL 카본 오버사이즈 핸들바,3.6
D34,데다 엘리먼트 Dabar 불혼 핸들바,3.4
D35,3T 에르고노바 LTD 스텔스 핸들바,4.4
D35,데다엘리먼티 M35 RHM 카본 핸들바,4.7
D35,치넬리 바이 핸들바,4.4
D35,ZIPP SL 카본 오버사이즈 핸들바,3.6
D35,데다 엘리먼트 Dabar 불혼 핸들바,3.4
D36,3T 에르고노바 LTD 스텔스 핸들바,4.4
D36,데다엘리먼티 M35 RHM 카본 핸들바,4.7
D36,치넬리 바이 핸들바,4.4
D36,ZIPP SL 카본 오버사이즈 핸들바,3.6
D36,데다 엘리먼트 Dabar 불혼 핸들바,3.4
D37,3T 에르고노바 LTD 스텔스 핸들바,4.4
D37,데다엘리먼티 M35 RHM 카본 핸들바,4.7
D37,치넬리 바이 핸들바,4.4
D37,ZIPP SL 카본 오버사이즈 핸들바,3.6
D37,데다 엘리먼트 Dabar 불혼 핸들바,3.4
D38,3T 에르고노바 LTD 스텔스 핸들바,2.2
D38,데다엘리먼티 M35 RHM 카본 핸들바,4.7
D38,치넬리 바이 핸들바,2.3
D38,ZIPP SL 카본 오버사이즈 핸들바,4.6
D38,데다 엘리먼트 Dabar 불혼 핸들바,3.4
D39,3T 에르고노바 LTD 스텔스 핸들바,2.2
D39,데다엘리먼티 M35 RHM 카본 핸들바,4.7
D39,치넬리 바이 핸들바,2.3
D39,ZIPP SL 카본 오버사이즈 핸들바,4.6
D39,데다 엘리먼트 Dabar 불혼 핸들바,3.4
D40,3T 에르고노바 LTD 스텔스 핸들바,2.2
D40,데다엘리먼티 M35 RHM 카본 핸들바,4.7
D40,치넬리 바이 핸들바,2.3
D40,ZIPP SL 카본 오버사이즈 핸들바,4.6
D40,데다 엘리먼트 Dabar 불혼 핸들바,3.4
D41,3T 에르고노바 LTD 스텔스 핸들바,2.2
D41,데다엘리먼티 M35 RHM 카본 핸들바,4.7
D41,치넬리 바이 핸들바,2.3
D41,ZIPP SL 카본 오버사이즈 핸들바,4.6
D41,데다 엘리먼트 Dabar 불혼 핸들바,3.4
D42,3T 에르고노바 LTD 스텔스 핸들바,2.2
D42,데다엘리먼티 M35 RHM 카본 핸들바,4.7
D42,치넬리 바이 핸들바,2.3
D42,ZIPP SL 카본 오버사이즈 핸들바,4.6
D42,데다 엘리먼트 Dabar 불혼 핸들바,3.4
D43,3T 에르고노바 LTD 스텔스 핸들바,2.2
D43,데다엘리먼티 M35 RHM 카본 핸들바,4.7
D43,치넬리 바이 핸들바,2.3
D43,ZIPP SL 카본 오버사이즈 핸들바,4.6
D43,데다 엘리먼트 Dabar 불혼 핸들바,3.4
D44,3T 에르고노바 LTD 스텔스 핸들바,2.2
D44,데다엘리먼티 M35 RHM 카본 핸들바,4.7
D44,치넬리 바이 핸들바,2.3
D44,ZIPP SL 카본 오버사이즈 핸들바,4.6
D44,데다 엘리먼트 Dabar 불혼 핸들바,3.4
D45,3T 에르고노바 LTD 스텔스 핸들바,2.2
D45,데다엘리먼티 M35 RHM 카본 핸들바,4.7
D45,치넬리 바이 핸들바,2.3
D45,ZIPP SL 카본 오버사이즈 핸들바,4.6
D45,데다 엘리먼트 Dabar 불혼 핸들바,3.4
D46,3T 에르고노바 LTD 스텔스 핸들바,2.2
D46,데다엘리먼티 M35 RHM 카본 핸들바,4.7
D46,치넬리 바이 핸들바,2.3
D46,ZIPP SL 카본 오버사이즈 핸들바,4.6
D46,데다 엘리먼트 Dabar 불혼 핸들바,3.4
D47,3T 에르고노바 LTD 스텔스 핸들바,2.2
D47,데다엘리먼티 M35 RHM 카본 핸들바,4.7
D47,치넬리 바이 핸들바,2.3
D47,ZIPP SL 카본 오버사이즈 핸들바,4.6
D47,데다 엘리먼트 Dabar 불혼 핸들바,3.4
D48,3T 에르고노바 LTD 스텔스 핸들바,4.4
D48,데다엘리먼티 M35 RHM 카본 핸들바,4.7
D48,치넬리 바이 핸들바,4.4
D48,ZIPP SL 카본 오버사이즈 핸들바,3.6
D48,데다 엘리먼트 Dabar 불혼 핸들바,3.4
D49,3T 에르고노바 LTD 스텔스 핸들바,4.4
D49,데다엘리먼티 M35 RHM 카본 핸들바,4.7
D49,치넬리 바이 핸들바,4.4
D49,ZIPP SL 카본 오버사이즈 핸들바,3.6
D49,데다 엘리먼트 Dabar 불혼 핸들바,3.4
D50,3T 에르고노바 LTD 스텔스 핸들바,4.4
D50,데다엘리먼티 M35 RHM 카본 핸들바,1.7
D50,치넬리 바이 핸들바,4.4
D50,ZIPP SL 카본 오버사이즈 핸들바,1.3
D50,데다 엘리먼트 Dabar 불혼 핸들바,3.4
D51,3T 에르고노바 LTD 스텔스 핸들바,4.4
D51,데다엘리먼티 M35 RHM 카본 핸들바,1.7
D51,치넬리 바이 핸들바,4.4
D51,ZIPP SL 카본 오버사이즈 핸들바,1.3
D51,데다 엘리먼트 Dabar 불혼 핸들바,3.4
D52,3T 에르고노바 LTD 스텔스 핸들바,4.4
D52,데다엘리먼티 M35 RHM 카본 핸들바,1.7
D52,치넬리 바이 핸들바,4.4
D52,ZIPP SL 카본 오버사이즈 핸들바,1.3
D52,데다 엘리먼트 Dabar 불혼 핸들바,3.4
D53,3T 에르고노바 LTD 스텔스 핸들바,4.4
D53,데다엘리먼티 M35 RHM 카본 핸들바,1.7
D53,치넬리 바이 핸들바,4.4
D53,ZIPP SL 카본 오버사이즈 핸들바,1.3
D53,데다 엘리먼트 Dabar 불혼 핸들바,3.4
D54,3T 에르고노바 LTD 스텔스 핸들바,4.4
D54,데다엘리먼티 M35 RHM 카본 핸들바,1.7
D54,치넬리 바이 핸들바,4.4
D54,ZIPP SL 카본 오버사이즈 핸들바,1.3
D54,데다 엘리먼트 Dabar 불혼 핸들바,3.4
TestertzlBo,데다 엘리먼트 Dabar 불혼 핸들바,3.5
TestertzlBo,치넬리 바이 핸들바,4.5
TestertzlBo,3T 에르고노바 LTD 스텔스 핸들바,2
TestertzlBo,ZIPP SL 카본 오버사이즈 핸들바,3
TestertzlBo,데다엘리먼티 M35 RHM 카본 핸들바,4
TesterFEdSS,데다 엘리먼트 Dabar 불혼 핸들바,3.5
TesterFEdSS,치넬리 바이 핸들바,4.5
TesterFEdSS,3T 에르고노바 LTD 스텔스 핸들바,2
TesterFEdSS,ZIPP SL 카본 오버사이즈 핸들바,3
TesterFEdSS,데다엘리먼티 M35 RHM 카본 핸들바,4
D4,3T 에르고섬 LTD 핸들바,4.4
D4,3T 에르고노바 팀 드롭바,2.6
D4,3T 에르고노바 LTD 핸들바,3.2
D4,프로파일디자인 Largo Drop Bar (31.8).png,1.4
D5,3T 에르고섬 LTD 핸들바,4.4
D5,3T 에르고노바 팀 드롭바,2.6
D5,3T 에르고노바 LTD 핸들바,3.2
D5,프로파일디자인 Largo Drop Bar (31.8).png,1.4
D6,3T 에르고섬 LTD 핸들바,4.4
D6,3T 에르고노바 팀 드롭바,2.6
D6,3T 에르고노바 LTD 핸들바,3.2
D6,프로파일디자인 Largo Drop Bar (31.8).png,1.4
D7,3T 에르고섬 LTD 핸들바,4.4
D7,3T 에르고노바 팀 드롭바,2.6
D7,3T 에르고노바 LTD 핸들바,3.2
D7,프로파일디자인 Largo Drop Bar (31.8).png,1.4
D8,3T 에르고섬 LTD 핸들바,4.4
D8,3T 에르고노바 팀 드롭바,4.8
D8,3T 에르고노바 LTD 핸들바,4.7
D8,프로파일디자인 Largo Drop Bar (31.8).png,3.3
D9,3T 에르고섬 LTD 핸들바,4.4
D9,3T 에르고노바 팀 드롭바,4.8
D9,3T 에르고노바 LTD 핸들바,4.7
D9,프로파일디자인 Largo Drop Bar (31.8).png,3.3
D10,3T 에르고섬 LTD 핸들바,4.4
D10,3T 에르고노바 팀 드롭바,4.8
D10,3T 에르고노바 LTD 핸들바,4.7
D10,프로파일디자인 Largo Drop Bar (31.8).png,3.3
D11,3T 에르고섬 LTD 핸들바,4.4
D11,3T 에르고노바 팀 드롭바,4.8
D11,3T 에르고노바 LTD 핸들바,4.7
D11,프로파일디자인 Largo Drop Bar (31.8).png,3.3
D12,3T 에르고섬 LTD 핸들바,4.4
D12,3T 에르고노바 팀 드롭바,4.8
D12,3T 에르고노바 LTD 핸들바,4.7
D12,프로파일디자인 Largo Drop Bar (31.8).png,3.3
D13,3T 에르고섬 LTD 핸들바,4.4
D13,3T 에르고노바 팀 드롭바,4.8
D13,3T 에르고노바 LTD 핸들바,4.7
D13,프로파일디자인 Largo Drop Bar (31.8).png,3.3
D14,3T 에르고섬 LTD 핸들바,4.4
D14,3T 에르고노바 팀 드롭바,4.8
D14,3T 에르고노바 LTD 핸들바,4.7
D14,프로파일디자인 Largo Drop Bar (31.8).png,3.3
D15,3T 에르고섬 LTD 핸들바,4.4
D15,3T 에르고노바 팀 드롭바,4.8
D15,3T 에르고노바 LTD 핸들바,4.7
D15,프로파일디자인 Largo Drop Bar (31.8).png,3.3
TesterjPSVO,프로파일디자인 Largo Drop Bar (31.8).png,2.5
TesterjPSVO,치넬리 바이 핸들바,3.5
TesterjPSVO,데다 엘리먼트 Dabar 불혼 핸들바,3.5
TesterjPSVO,데다엘리먼티 M35 RHM 카본 핸들바,2.5
TesterjPSVO,3T 에르고노바 팀 드롭바,4.0
TesterIVGoH,프로파일디자인 Largo Drop Bar (31.8).png,3.0
TesterIVGoH,치넬리 바이 핸들바,4.0
TesterIVGoH,데다엘리먼티 M35 RHM 카본 핸들바,4.5
TesterIVGoH,데다 엘리먼트 Dabar 불혼 핸들바,2.0
TesterIVGoH,3T 에르고노바 팀 드롭바,4.5
Tester,치넬리 바이 핸들바,4.5
Tester,3T 에르고섬 LTD 핸들바,1.5
Tester,데다엘리먼티 M35 RHM 카본 핸들바,1.5
Tester,프로파일디자인 Largo Drop Bar (31.8).png,1.5
Tester,3T 에르고노바 LTD 핸들바,1.5
TesternyyGZ,치넬리 바이 핸들바,4.5
TesternyyGZ,3T 에르고섬 LTD 핸들바,1.5
TesternyyGZ,데다엘리먼티 M35 RHM 카본 핸들바,1.5
TesternyyGZ,프로파일디자인 Largo Drop Bar (31.8).png,1.5
TesternyyGZ,3T 에르고노바 LTD 핸들바,1.5
